restaurant_id,restaurant_name,city,opening_hours
1,"Zaika Cafe",Delhi,"9:00 AM - 10:30 PM"
2,"Annapurna Lounge",Delhi,"9:00 AM - 11:30 PM"
3,"Taste of Grill",Chandigarh,"8:00 AM - 11:30 PM"
4,"Swaad Flavors",Hyderabad,"9:00 AM - 10:30 PM"
5,"Biryani Kitchen",Goa,"9:00 AM - 10:30 PM"
6,"Bombay Bar",Mumbai,"9:00 AM - 10:30 PM"
7,"Curry Point",Ahmedabad,"9:00 AM - 10:00 PM"
8,"Urban Canteen",Delhi,"10:00 AM - 10:30 PM"
9,"Curry Street",Pune,"11:30 AM - 11:00 PM"
10,"House of Lounge",Lucknow,"8:00 AM - 11:00 PM"
11,"Swaad Table",Ahmedabad,"9:00 AM - 12:00 AM"
12,"House of Street",Mumbai,"8:00 AM - 11:00 PM"
13,"Spice Table",Kolkata,"10:00 AM - 11:00 PM"
14,"Urban Table",Kolkata,"11:30 AM - 10:00 PM"
15,"Cafe Bistro",Hyderabad,"10:00 AM - 10:00 PM"
16,"Swaad Kitchen",Lucknow,"11:30 AM - 10:30 PM"
17,"Zaika Flavors",Bengaluru,"11:30 AM - 12:00 AM"
18,"Cafe Haven",Lucknow,"10:00 AM - 11:00 PM"
19,"Spice Cafe",Chennai,"11:30 AM - 12:00 AM"
20,"Spice Lounge",Lucknow,"10:00 AM - 10:30 PM"
21,"House of Haven",Goa,"11:30 AM - 10:00 PM"
22,"Swaad Point",Chandigarh,"8:00 AM - 12:00 AM"
23,"Spice Palace",Jaipur,"8:00 AM - 10:30 PM"
24,"House of Kitchen",Mumbai,"10:00 AM - 12:00 AM"
25,"Annapurna Table",Chennai,"8:00 AM - 11:30 PM"
26,"Curry Cafe",Bengaluru,"8:00 AM - 11:00 PM"
27,"Spice Palace",Goa,"11:30 AM - 12:00 AM"
28,"Curry Canteen",Chandigarh,"9:00 AM - 12:00 AM"
29,"Royal Haven",Bengaluru,"10:00 AM - 11:30 PM"
30,"Zaika Palace",Mumbai,"11:30 AM - 11:30 PM"
31,"Taste of Delight",Jaipur,"9:00 AM - 10:30 PM"
32,"Biryani Street",Chennai,"8:00 AM - 10:30 PM"
33,"Spice Flavors",Bengaluru,"11:30 AM - 12:00 AM"
34,"House of Bar",Pune,"10:00 AM - 10:00 PM"
35,"Zaika Haven",Jaipur,"11:30 AM - 10:30 PM"
36,"Spice Lounge",Mumbai,"11:30 AM - 11:30 PM"
37,"House of Kitchen",Kolkata,"9:00 AM - 11:00 PM"
38,"Curry Lounge",Kolkata,"8:00 AM - 11:00 PM"
39,"Royal Bistro",Kolkata,"8:00 AM - 11:00 PM"
40,"Bombay Palace",Bengaluru,"9:00 AM - 12:00 AM"
41,"Annapurna Palace",Kolkata,"8:00 AM - 10:30 PM"
42,"Biryani Kitchen",Pune,"8:00 AM - 11:30 PM"
43,"Annapurna Bistro",Delhi,"9:00 AM - 10:00 PM"
44,"Urban Lounge",Ahmedabad,"11:30 AM - 10:00 PM"
45,"Tandoor Kitchen",Jaipur,"11:30 AM - 11:30 PM"
46,"Tandoor Haven",Delhi,"9:00 AM - 12:00 AM"
47,"The Kitchen",Kolkata,"8:00 AM - 10:30 PM"
48,"Swaad Haven",Lucknow,"8:00 AM - 10:30 PM"
49,"Swaad Haven",Bengaluru,"11:30 AM - 10:30 PM"
50,"Tandoor Bar",Goa,"11:30 AM - 10:00 PM"
51,"Bombay Palace",Pune,"11:30 AM - 11:00 PM"
52,"Cafe Lounge",Hyderabad,"8:00 AM - 11:30 PM"
53,"Urban Cafe",Chandigarh,"8:00 AM - 12:00 AM"
54,"Royal Bar",Mumbai,"9:00 AM - 11:30 PM"
55,"Urban Palace",Lucknow,"10:00 AM - 11:00 PM"
56,"Urban Kitchen",Goa,"10:00 AM - 11:00 PM"
57,"Zaika Cafe",Pune,"8:00 AM - 11:30 PM"
58,"Masala Bar",Chennai,"8:00 AM - 11:00 PM"
59,"Spice Point",Hyderabad,"11:30 AM - 11:30 PM"
60,"Tandoor Delight",Ahmedabad,"10:00 AM - 12:00 AM"
61,"Bombay Bar",Delhi,"11:30 AM - 10:30 PM"
62,"The Bistro",Mumbai,"9:00 AM - 10:30 PM"
63,"Bombay Canteen",Mumbai,"9:00 AM - 11:30 PM"
64,"Zaika Table",Ahmedabad,"8:00 AM - 11:00 PM"
65,"Urban Delight",Bengaluru,"11:30 AM - 12:00 AM"
66,"Cafe Bar",Delhi,"11:30 AM - 11:30 PM"
67,"House of Grill",Jaipur,"9:00 AM - 11:00 PM"
68,"Taste of Grill",Mumbai,"10:00 AM - 10:30 PM"
69,"House of Bistro",Kolkata,"10:00 AM - 10:30 PM"
70,"House of Table",Ahmedabad,"9:00 AM - 10:30 PM"
71,"Annapurna Bar",Lucknow,"11:30 AM - 10:30 PM"
72,"Urban Grill",Jaipur,"11:30 AM - 11:00 PM"
73,"Annapurna Corner",Kolkata,"10:00 AM - 12:00 AM"
74,"Tandoor Bistro",Chennai,"11:30 AM - 10:30 PM"
75,"House of Table",Ahmedabad,"8:00 AM - 12:00 AM"
76,"Zaika Table",Chandigarh,"11:30 AM - 10:30 PM"
77,"Annapurna Canteen",Delhi,"9:00 AM - 10:30 PM"
78,"Urban Palace",Mumbai,"11:30 AM - 12:00 AM"
79,"Masala Street",Lucknow,"11:30 AM - 10:00 PM"
80,"Cafe Street",Delhi,"11:30 AM - 11:30 PM"
81,"Curry Haven",Pune,"11:30 AM - 10:30 PM"
82,"The Grill",Delhi,"8:00 AM - 12:00 AM"
83,"House of Bistro",Pune,"9:00 AM - 10:00 PM"
84,"The Corner",Mumbai,"10:00 AM - 11:30 PM"
85,"Bombay Table",Kolkata,"8:00 AM - 10:30 PM"
86,"Spice Delight",Pune,"9:00 AM - 10:30 PM"
87,"Masala Grill",Delhi,"10:00 AM - 10:30 PM"
88,"House of Corner",Pune,"8:00 AM - 10:00 PM"
89,"Royal Canteen",Goa,"8:00 AM - 11:00 PM"
90,"Taste of Corner",Pune,"8:00 AM - 12:00 AM"
91,"Taste of Kitchen",Chennai,"8:00 AM - 11:30 PM"
92,"Urban Bistro",Kolkata,"10:00 AM - 10:30 PM"
93,"House of Cafe",Pune,"11:30 AM - 11:30 PM"
94,"Annapurna Kitchen",Kolkata,"8:00 AM - 11:00 PM"
95,"Cafe Haven",Bengaluru,"9:00 AM - 10:00 PM"
96,"Taste of Cafe",Lucknow,"11:30 AM - 12:00 AM"
97,"Royal Grill",Pune,"10:00 AM - 10:00 PM"
98,"Royal Bar",Delhi,"11:30 AM - 12:00 AM"
99,"Masala Cafe",Pune,"8:00 AM - 10:30 PM"
100,"Tandoor Bar",Lucknow,"9:00 AM - 10:00 PM"
101,"Tandoor Palace",Lucknow,"9:00 AM - 11:00 PM"
102,"Masala Flavors",Jaipur,"10:00 AM - 11:00 PM"
103,"Urban Canteen",Chandigarh,"9:00 AM - 11:00 PM"
104,"Bombay Bar",Jaipur,"8:00 AM - 10:00 PM"
105,"Royal Point",Mumbai,"10:00 AM - 12:00 AM"
106,"Zaika Bar",Lucknow,"10:00 AM - 12:00 AM"
107,"Zaika Cafe",Jaipur,"10:00 AM - 10:00 PM"
108,"Swaad Canteen",Jaipur,"11:30 AM - 10:30 PM"
109,"Bombay Grill",Ahmedabad,"9:00 AM - 10:00 PM"
110,"Cafe Haven",Bengaluru,"10:00 AM - 12:00 AM"
111,"The Lounge",Kolkata,"9:00 AM - 10:30 PM"
112,"Cafe Palace",Kolkata,"10:00 AM - 11:00 PM"
113,"Taste of Street",Chandigarh,"9:00 AM - 12:00 AM"
114,"House of Cafe",Kolkata,"8:00 AM - 11:30 PM"
115,"The Bar",Delhi,"8:00 AM - 12:00 AM"
116,"Swaad Table",Chandigarh,"8:00 AM - 12:00 AM"
117,"Taste of Table",Mumbai,"10:00 AM - 11:00 PM"
118,"Annapurna Lounge",Delhi,"8:00 AM - 12:00 AM"
119,"House of Bistro",Chandigarh,"9:00 AM - 10:00 PM"
120,"The Haven",Chandigarh,"11:30 AM - 10:00 PM"
121,"Swaad Palace",Chennai,"10:00 AM - 10:30 PM"
122,"Cafe Bar",Hyderabad,"10:00 AM - 11:30 PM"
123,"Royal Bar",Ahmedabad,"9:00 AM - 12:00 AM"
124,"Curry Point",Kolkata,"10:00 AM - 12:00 AM"
125,"Cafe Point",Chandigarh,"11:30 AM - 11:00 PM"
126,"Bombay Kitchen",Kolkata,"8:00 AM - 10:00 PM"
127,"Cafe Grill",Jaipur,"10:00 AM - 12:00 AM"
128,"Taste of Canteen",Jaipur,"10:00 AM - 10:30 PM"
129,"Taste of Corner",Chandigarh,"8:00 AM - 12:00 AM"
130,"Spice Kitchen",Pune,"9:00 AM - 10:00 PM"
131,"Urban Delight",Chennai,"9:00 AM - 10:30 PM"
132,"Tandoor Flavors",Goa,"11:30 AM - 10:30 PM"
133,"Annapurna Cafe",Hyderabad,"8:00 AM - 10:00 PM"
134,"Spice Haven",Mumbai,"9:00 AM - 11:00 PM"
135,"Bombay Bistro",Ahmedabad,"8:00 AM - 10:30 PM"
136,"The Point",Ahmedabad,"8:00 AM - 10:00 PM"
137,"Royal Corner",Chennai,"10:00 AM - 11:30 PM"
138,"Masala Bar",Kolkata,"9:00 AM - 11:30 PM"
139,"Curry Flavors",Chandigarh,"9:00 AM - 10:00 PM"
140,"Swaad Corner",Mumbai,"11:30 AM - 11:30 PM"
141,"Bombay Cafe",Mumbai,"8:00 AM - 11:00 PM"
142,"Cafe Canteen",Jaipur,"11:30 AM - 12:00 AM"
143,"Royal Flavors",Mumbai,"10:00 AM - 12:00 AM"
144,"Taste of Street",Ahmedabad,"8:00 AM - 11:00 PM"
145,"Swaad Street",Mumbai,"11:30 AM - 11:00 PM"
146,"House of Haven",Ahmedabad,"8:00 AM - 10:30 PM"
147,"The Kitchen",Hyderabad,"10:00 AM - 12:00 AM"
148,"House of Flavors",Hyderabad,"9:00 AM - 11:30 PM"
149,"Masala Flavors",Delhi,"10:00 AM - 11:30 PM"
150,"The Corner",Kolkata,"9:00 AM - 10:30 PM"
151,"House of Point",Pune,"8:00 AM - 10:00 PM"
152,"Urban Point",Hyderabad,"10:00 AM - 12:00 AM"
153,"Tandoor Street",Mumbai,"9:00 AM - 11:30 PM"
154,"Annapurna Bar",Chennai,"10:00 AM - 12:00 AM"
155,"Cafe Corner",Bengaluru,"9:00 AM - 10:30 PM"
156,"Royal Point",Mumbai,"10:00 AM - 10:30 PM"
157,"Curry Bistro",Bengaluru,"11:30 AM - 10:30 PM"
158,"Annapurna Canteen",Chandigarh,"8:00 AM - 10:30 PM"
159,"Urban Delight",Chandigarh,"9:00 AM - 12:00 AM"
160,"Tandoor Point",Delhi,"10:00 AM - 10:00 PM"
161,"Tandoor Canteen",Mumbai,"10:00 AM - 10:00 PM"
162,"Spice Table",Hyderabad,"8:00 AM - 11:00 PM"
163,"Masala Corner",Ahmedabad,"9:00 AM - 10:30 PM"
164,"Taste of Street",Hyderabad,"10:00 AM - 10:00 PM"
165,"Cafe Bar",Chennai,"11:30 AM - 10:00 PM"
166,"Spice Bar",Delhi,"8:00 AM - 10:30 PM"
167,"Cafe Street",Jaipur,"11:30 AM - 11:30 PM"
168,"Biryani Lounge",Goa,"10:00 AM - 12:00 AM"
169,"House of Flavors",Goa,"8:00 AM - 10:00 PM"
170,"Spice Delight",Kolkata,"11:30 AM - 11:30 PM"
171,"The Table",Chandigarh,"8:00 AM - 10:00 PM"
172,"Swaad Delight",Hyderabad,"8:00 AM - 11:30 PM"
173,"Tandoor Canteen",Chennai,"8:00 AM - 12:00 AM"
174,"Annapurna Point",Chennai,"9:00 AM - 12:00 AM"
175,"Cafe Grill",Goa,"9:00 AM - 10:30 PM"
176,"Spice Point",Hyderabad,"11:30 AM - 10:30 PM"
177,"Taste of Bar",Kolkata,"11:30 AM - 10:30 PM"
178,"Annapurna Canteen",Mumbai,"10:00 AM - 11:30 PM"
179,"Curry Palace",Chennai,"11:30 AM - 11:30 PM"
180,"Swaad Kitchen",Bengaluru,"9:00 AM - 11:00 PM"
181,"The Grill",Jaipur,"9:00 AM - 12:00 AM"
182,"Tandoor Bistro",Kolkata,"9:00 AM - 10:00 PM"
183,"Spice Bistro",Goa,"8:00 AM - 10:30 PM"
184,"Urban Cafe",Ahmedabad,"9:00 AM - 11:30 PM"
185,"The Haven",Pune,"10:00 AM - 11:00 PM"
186,"Cafe Point",Chennai,"10:00 AM - 11:30 PM"
187,"Cafe Grill",Bengaluru,"11:30 AM - 12:00 AM"
188,"Cafe Haven",Jaipur,"8:00 AM - 10:00 PM"
189,"Annapurna Haven",Kolkata,"9:00 AM - 10:00 PM"
190,"Taste of Bar",Jaipur,"10:00 AM - 11:00 PM"
191,"Annapurna Haven",Kolkata,"9:00 AM - 11:30 PM"
192,"Royal Delight",Kolkata,"8:00 AM - 12:00 AM"
193,"Swaad Canteen",Chandigarh,"8:00 AM - 10:00 PM"
194,"Zaika Point",Hyderabad,"11:30 AM - 11:00 PM"
195,"Tandoor Grill",Bengaluru,"8:00 AM - 11:00 PM"
196,"Annapurna Flavors",Bengaluru,"11:30 AM - 12:00 AM"
197,"Royal Lounge",Delhi,"8:00 AM - 12:00 AM"
198,"Masala Haven",Chandigarh,"9:00 AM - 11:30 PM"
199,"Royal Point",Mumbai,"9:00 AM - 12:00 AM"
200,"Royal Grill",Chandigarh,"11:30 AM - 10:00 PM"
201,"House of Lounge",Lucknow,"11:30 AM - 10:00 PM"
202,"Masala Point",Jaipur,"11:30 AM - 10:00 PM"
203,"Annapurna Cafe",Pune,"11:30 AM - 11:30 PM"
204,"Urban Palace",Goa,"8:00 AM - 12:00 AM"
205,"House of Table",Chennai,"8:00 AM - 10:30 PM"
206,"Royal Flavors",Goa,"11:30 AM - 11:30 PM"
207,"Masala Street",Goa,"10:00 AM - 12:00 AM"
208,"Swaad Cafe",Chennai,"10:00 AM - 10:30 PM"
209,"Taste of Kitchen",Lucknow,"9:00 AM - 11:30 PM"
210,"Bombay Bar",Mumbai,"10:00 AM - 12:00 AM"
211,"Taste of Bar",Mumbai,"9:00 AM - 11:00 PM"
212,"Tandoor Point",Jaipur,"8:00 AM - 12:00 AM"
213,"Tandoor Delight",Chennai,"9:00 AM - 10:30 PM"
214,"Cafe Flavors",Hyderabad,"11:30 AM - 12:00 AM"
215,"Bombay Haven",Ahmedabad,"10:00 AM - 10:00 PM"
216,"Royal Haven",Pune,"11:30 AM - 11:00 PM"
217,"The Cafe",Chandigarh,"8:00 AM - 10:00 PM"
218,"Swaad Bistro",Chennai,"10:00 AM - 11:30 PM"
219,"Annapurna Cafe",Chennai,"9:00 AM - 10:00 PM"
220,"Biryani Point",Pune,"11:30 AM - 11:00 PM"
221,"Masala Point",Goa,"11:30 AM - 10:30 PM"
222,"Biryani Haven",Ahmedabad,"10:00 AM - 10:30 PM"
223,"Cafe Street",Bengaluru,"9:00 AM - 11:00 PM"
224,"Masala Bistro",Chennai,"11:30 AM - 10:30 PM"
225,"Royal Lounge",Mumbai,"11:30 AM - 12:00 AM"
226,"Zaika Canteen",Kolkata,"11:30 AM - 12:00 AM"
227,"Biryani Table",Chandigarh,"9:00 AM - 12:00 AM"
228,"Spice Bistro",Bengaluru,"10:00 AM - 10:00 PM"
229,"Curry Lounge",Pune,"9:00 AM - 10:30 PM"
230,"Swaad Cafe",Delhi,"8:00 AM - 10:00 PM"
231,"House of Delight",Hyderabad,"9:00 AM - 11:00 PM"
232,"Biryani Delight",Jaipur,"9:00 AM - 10:00 PM"
233,"Taste of Street",Delhi,"9:00 AM - 11:00 PM"
234,"Cafe Grill",Jaipur,"10:00 AM - 10:30 PM"
235,"The Flavors",Bengaluru,"10:00 AM - 10:30 PM"
236,"The Canteen",Bengaluru,"10:00 AM - 11:30 PM"
237,"Curry Haven",Goa,"11:30 AM - 11:30 PM"
238,"House of Grill",Pune,"9:00 AM - 11:00 PM"
239,"House of Lounge",Ahmedabad,"10:00 AM - 11:30 PM"
240,"Curry Delight",Delhi,"8:00 AM - 10:00 PM"
241,"Royal Point",Bengaluru,"9:00 AM - 10:00 PM"
242,"Masala Corner",Hyderabad,"10:00 AM - 12:00 AM"
243,"Royal Bar",Lucknow,"10:00 AM - 11:30 PM"
244,"Royal Grill",Hyderabad,"8:00 AM - 10:30 PM"
245,"The Table",Ahmedabad,"10:00 AM - 10:30 PM"
246,"Urban Bistro",Chandigarh,"11:30 AM - 10:30 PM"
247,"Biryani Grill",Delhi,"9:00 AM - 11:00 PM"
248,"Tandoor Lounge",Ahmedabad,"8:00 AM - 11:30 PM"
249,"The Palace",Hyderabad,"11:30 AM - 11:00 PM"
250,"Biryani Bistro",Ahmedabad,"8:00 AM - 11:00 PM"
251,"Zaika Flavors",Chennai,"10:00 AM - 10:00 PM"
252,"Bombay Haven",Jaipur,"11:30 AM - 10:30 PM"
253,"The Grill",Mumbai,"10:00 AM - 11:30 PM"
254,"Cafe Flavors",Jaipur,"10:00 AM - 10:30 PM"
255,"Biryani Street",Mumbai,"11:30 AM - 11:00 PM"
256,"Masala Street",Goa,"10:00 AM - 11:30 PM"
257,"Taste of Grill",Kolkata,"8:00 AM - 11:00 PM"
258,"Annapurna Palace",Lucknow,"11:30 AM - 12:00 AM"
259,"Swaad Delight",Ahmedabad,"8:00 AM - 11:30 PM"
260,"Masala Haven",Pune,"11:30 AM - 10:00 PM"
261,"Bombay Street",Jaipur,"11:30 AM - 10:00 PM"
262,"Bombay Flavors",Jaipur,"8:00 AM - 10:00 PM"
263,"Tandoor Bar",Jaipur,"9:00 AM - 10:30 PM"
264,"The Table",Pune,"9:00 AM - 10:00 PM"
265,"Zaika Haven",Pune,"11:30 AM - 12:00 AM"
266,"Masala Cafe",Bengaluru,"11:30 AM - 11:30 PM"
267,"Cafe Canteen",Bengaluru,"9:00 AM - 11:30 PM"
268,"Taste of Bar",Kolkata,"11:30 AM - 11:00 PM"
269,"Tandoor Lounge",Kolkata,"11:30 AM - 11:00 PM"
270,"Biryani Palace",Ahmedabad,"11:30 AM - 10:30 PM"
271,"Spice Haven",Ahmedabad,"9:00 AM - 10:30 PM"
272,"Bombay Table",Mumbai,"9:00 AM - 12:00 AM"
273,"Bombay Bar",Kolkata,"11:30 AM - 12:00 AM"
274,"Urban Bistro",Bengaluru,"10:00 AM - 10:00 PM"
275,"House of Bar",Jaipur,"9:00 AM - 11:30 PM"
276,"Tandoor Street",Ahmedabad,"11:30 AM - 12:00 AM"
277,"Bombay Bistro",Lucknow,"8:00 AM - 10:30 PM"
278,"Urban Bistro",Jaipur,"10:00 AM - 10:00 PM"
279,"House of Kitchen",Goa,"10:00 AM - 10:30 PM"
280,"Annapurna Table",Hyderabad,"11:30 AM - 10:30 PM"
281,"Masala Kitchen",Pune,"9:00 AM - 10:00 PM"
282,"Bombay Delight",Pune,"8:00 AM - 11:30 PM"
283,"Cafe Cafe",Lucknow,"11:30 AM - 10:30 PM"
284,"The Point",Lucknow,"10:00 AM - 11:00 PM"
285,"Bombay Corner",Ahmedabad,"11:30 AM - 10:00 PM"
286,"Cafe Lounge",Chandigarh,"9:00 AM - 10:00 PM"
287,"Urban Kitchen",Mumbai,"8:00 AM - 12:00 AM"
288,"Biryani Bistro",Chennai,"8:00 AM - 12:00 AM"
289,"Tandoor Point",Chandigarh,"11:30 AM - 10:00 PM"
290,"Cafe Bar",Goa,"9:00 AM - 10:30 PM"
291,"House of Lounge",Mumbai,"8:00 AM - 11:00 PM"
292,"The Bar",Pune,"11:30 AM - 10:00 PM"
293,"Spice Point",Pune,"10:00 AM - 10:00 PM"
294,"The Street",Bengaluru,"8:00 AM - 12:00 AM"
295,"Swaad Table",Jaipur,"9:00 AM - 10:00 PM"
296,"The Delight",Mumbai,"10:00 AM - 12:00 AM"
297,"House of Canteen",Delhi,"11:30 AM - 11:30 PM"
298,"Curry Cafe",Delhi,"9:00 AM - 10:30 PM"
299,"Swaad Flavors",Hyderabad,"9:00 AM - 10:00 PM"
300,"Urban Corner",Lucknow,"11:30 AM - 11:30 PM"
301,"Swaad Canteen",Chandigarh,"11:30 AM - 10:30 PM"
302,"Taste of Delight",Jaipur,"10:00 AM - 10:30 PM"
303,"Cafe Cafe",Hyderabad,"8:00 AM - 11:00 PM"
304,"Zaika Corner",Goa,"9:00 AM - 11:30 PM"
305,"Masala Cafe",Bengaluru,"9:00 AM - 10:00 PM"
306,"Taste of Table",Pune,"11:30 AM - 10:00 PM"
307,"Bombay Lounge",Chandigarh,"9:00 AM - 11:00 PM"
308,"Annapurna Flavors",Jaipur,"10:00 AM - 12:00 AM"
309,"Bombay Haven",Bengaluru,"11:30 AM - 11:30 PM"
310,"Swaad Cafe",Goa,"9:00 AM - 12:00 AM"
311,"The Bistro",Hyderabad,"11:30 AM - 10:30 PM"
312,"Taste of Bistro",Chandigarh,"10:00 AM - 11:30 PM"
313,"House of Point",Mumbai,"8:00 AM - 11:30 PM"
314,"Annapurna Lounge",Lucknow,"11:30 AM - 10:30 PM"
315,"Tandoor Palace",Lucknow,"8:00 AM - 11:30 PM"
316,"Zaika Flavors",Ahmedabad,"9:00 AM - 10:00 PM"
317,"Cafe Table",Mumbai,"10:00 AM - 11:30 PM"
318,"Bombay Point",Chennai,"10:00 AM - 10:30 PM"
319,"Spice Palace",Jaipur,"9:00 AM - 10:30 PM"
320,"Curry Cafe",Lucknow,"11:30 AM - 11:00 PM"
321,"Zaika Canteen",Kolkata,"10:00 AM - 11:30 PM"
322,"Cafe Canteen",Bengaluru,"8:00 AM - 11:00 PM"
323,"Urban Kitchen",Mumbai,"11:30 AM - 11:30 PM"
324,"Spice Bistro",Bengaluru,"11:30 AM - 10:00 PM"
325,"Bombay Canteen",Pune,"9:00 AM - 10:30 PM"
326,"Spice Kitchen",Bengaluru,"10:00 AM - 12:00 AM"
327,"Urban Street",Bengaluru,"11:30 AM - 10:00 PM"
328,"Curry Cafe",Chandigarh,"8:00 AM - 11:00 PM"
329,"Masala Palace",Hyderabad,"9:00 AM - 10:30 PM"
330,"Urban Bistro",Goa,"11:30 AM - 10:00 PM"
331,"Swaad Table",Bengaluru,"10:00 AM - 11:00 PM"
332,"The Flavors",Chennai,"8:00 AM - 11:00 PM"
333,"Biryani Table",Ahmedabad,"10:00 AM - 10:00 PM"
334,"Cafe Delight",Kolkata,"8:00 AM - 10:00 PM"
335,"Zaika Haven",Kolkata,"11:30 AM - 10:00 PM"
336,"Urban Table",Kolkata,"9:00 AM - 11:00 PM"
337,"Cafe Bistro",Kolkata,"9:00 AM - 11:00 PM"
338,"Swaad Point",Kolkata,"10:00 AM - 11:30 PM"
339,"Masala Bistro",Pune,"8:00 AM - 11:00 PM"
340,"Royal Palace",Jaipur,"8:00 AM - 10:00 PM"
341,"The Flavors",Pune,"8:00 AM - 12:00 AM"
342,"Spice Lounge",Chennai,"9:00 AM - 12:00 AM"
343,"Curry Bar",Jaipur,"10:00 AM - 11:00 PM"
344,"Royal Bistro",Goa,"8:00 AM - 10:30 PM"
345,"Urban Kitchen",Hyderabad,"8:00 AM - 12:00 AM"
346,"Biryani Palace",Pune,"10:00 AM - 12:00 AM"
347,"Tandoor Table",Bengaluru,"10:00 AM - 11:30 PM"
348,"House of Corner",Ahmedabad,"10:00 AM - 11:00 PM"
349,"Urban Bar",Bengaluru,"8:00 AM - 10:30 PM"
350,"Tandoor Lounge",Goa,"10:00 AM - 12:00 AM"
351,"Annapurna Grill",Hyderabad,"9:00 AM - 10:30 PM"
352,"Cafe Kitchen",Chandigarh,"11:30 AM - 10:30 PM"
353,"Swaad Delight",Chandigarh,"8:00 AM - 12:00 AM"
354,"Cafe Palace",Kolkata,"9:00 AM - 10:30 PM"
355,"Masala Bar",Kolkata,"9:00 AM - 10:30 PM"
356,"Bombay Lounge",Mumbai,"9:00 AM - 10:00 PM"
357,"Biryani Palace",Chandigarh,"11:30 AM - 11:30 PM"
358,"Cafe Corner",Pune,"8:00 AM - 11:30 PM"
359,"The Grill",Lucknow,"10:00 AM - 10:00 PM"
360,"Bombay Palace",Ahmedabad,"8:00 AM - 10:30 PM"
361,"Tandoor Cafe",Chandigarh,"11:30 AM - 11:30 PM"
362,"Swaad Bar",Jaipur,"10:00 AM - 10:00 PM"
363,"Royal Grill",Lucknow,"10:00 AM - 11:30 PM"
364,"The Corner",Chennai,"9:00 AM - 10:30 PM"
365,"Royal Cafe",Hyderabad,"11:30 AM - 12:00 AM"
366,"House of Haven",Kolkata,"8:00 AM - 12:00 AM"
367,"Masala Corner",Delhi,"8:00 AM - 10:30 PM"
368,"House of Haven",Pune,"9:00 AM - 10:30 PM"
369,"Biryani Flavors",Hyderabad,"11:30 AM - 12:00 AM"
370,"Masala Bistro",Hyderabad,"10:00 AM - 11:30 PM"
371,"Taste of Delight",Chennai,"9:00 AM - 10:30 PM"
372,"House of Kitchen",Chandigarh,"11:30 AM - 11:30 PM"
373,"Curry Street",Chandigarh,"9:00 AM - 10:30 PM"
374,"Bombay Canteen",Jaipur,"11:30 AM - 11:00 PM"
375,"Taste of Flavors",Ahmedabad,"9:00 AM - 12:00 AM"
376,"Masala Kitchen",Goa,"11:30 AM - 12:00 AM"
377,"Swaad Delight",Chandigarh,"9:00 AM - 11:00 PM"
378,"Zaika Street",Goa,"9:00 AM - 10:30 PM"
379,"The Corner",Delhi,"11:30 AM - 10:00 PM"
380,"Royal Grill",Kolkata,"10:00 AM - 11:00 PM"
381,"Cafe Grill",Jaipur,"10:00 AM - 10:30 PM"
382,"House of Street",Ahmedabad,"11:30 AM - 11:00 PM"
383,"Taste of Lounge",Mumbai,"8:00 AM - 11:00 PM"
384,"Annapurna Table",Chennai,"9:00 AM - 11:30 PM"
385,"Swaad Street",Bengaluru,"10:00 AM - 12:00 AM"
386,"Royal Point",Bengaluru,"9:00 AM - 10:30 PM"
387,"Tandoor Street",Delhi,"10:00 AM - 11:30 PM"
388,"Swaad Delight",Goa,"9:00 AM - 10:00 PM"
389,"Urban Palace",Hyderabad,"9:00 AM - 11:00 PM"
390,"Cafe Bar",Goa,"8:00 AM - 11:30 PM"
391,"Biryani Cafe",Jaipur,"11:30 AM - 11:00 PM"
392,"Taste of Palace",Kolkata,"10:00 AM - 12:00 AM"
393,"Bombay Bistro",Chennai,"9:00 AM - 11:30 PM"
394,"Biryani Flavors",Bengaluru,"10:00 AM - 12:00 AM"
395,"Urban Delight",Goa,"9:00 AM - 11:00 PM"
396,"Taste of Grill",Chennai,"10:00 AM - 11:00 PM"
397,"Annapurna Grill",Delhi,"10:00 AM - 10:00 PM"
398,"Masala Haven",Hyderabad,"8:00 AM - 10:00 PM"
399,"The Cafe",Ahmedabad,"10:00 AM - 11:30 PM"
400,"Taste of Kitchen",Kolkata,"8:00 AM - 10:00 PM"
401,"Annapurna Lounge",Chandigarh,"10:00 AM - 12:00 AM"
402,"Taste of Street",Bengaluru,"11:30 AM - 11:30 PM"
403,"Cafe Flavors",Hyderabad,"10:00 AM - 11:00 PM"
404,"Bombay Palace",Hyderabad,"8:00 AM - 12:00 AM"
405,"Annapurna Flavors",Pune,"11:30 AM - 11:00 PM"
406,"House of Lounge",Delhi,"8:00 AM - 10:30 PM"
407,"Spice Delight",Pune,"11:30 AM - 11:30 PM"
408,"The Lounge",Delhi,"11:30 AM - 10:30 PM"
409,"Annapurna Palace",Lucknow,"9:00 AM - 11:00 PM"
410,"Zaika Canteen",Chandigarh,"8:00 AM - 10:30 PM"
411,"Zaika Haven",Ahmedabad,"9:00 AM - 10:30 PM"
412,"House of Palace",Kolkata,"11:30 AM - 10:00 PM"
413,"The Delight",Ahmedabad,"10:00 AM - 12:00 AM"
414,"Urban Table",Chandigarh,"9:00 AM - 12:00 AM"
415,"Biryani Delight",Pune,"8:00 AM - 11:00 PM"
416,"Royal Bar",Lucknow,"10:00 AM - 10:00 PM"
417,"Spice Bistro",Pune,"9:00 AM - 10:30 PM"
418,"Swaad Delight",Jaipur,"9:00 AM - 11:30 PM"
419,"Spice Table",Hyderabad,"8:00 AM - 11:30 PM"
420,"Spice Street",Kolkata,"11:30 AM - 11:00 PM"
421,"Spice Bistro",Kolkata,"10:00 AM - 10:30 PM"
422,"Curry Flavors",Chandigarh,"11:30 AM - 11:00 PM"
423,"Urban Point",Pune,"9:00 AM - 10:00 PM"
424,"Bombay Palace",Chandigarh,"8:00 AM - 12:00 AM"
425,"Masala Bistro",Jaipur,"9:00 AM - 10:30 PM"
426,"Biryani Corner",Chandigarh,"8:00 AM - 11:30 PM"
427,"Masala Grill",Kolkata,"8:00 AM - 10:00 PM"
428,"Spice Kitchen",Hyderabad,"8:00 AM - 10:00 PM"
429,"Spice Palace",Jaipur,"10:00 AM - 12:00 AM"
430,"Masala Bistro",Hyderabad,"10:00 AM - 10:00 PM"
431,"Curry Street",Mumbai,"8:00 AM - 11:30 PM"
432,"House of Street",Goa,"8:00 AM - 10:00 PM"
433,"Spice Delight",Pune,"10:00 AM - 10:00 PM"
434,"The Grill",Hyderabad,"9:00 AM - 10:00 PM"
435,"Tandoor Kitchen",Chennai,"10:00 AM - 12:00 AM"
436,"Urban Bistro",Bengaluru,"11:30 AM - 11:00 PM"
437,"Curry Point",Chennai,"9:00 AM - 10:30 PM"
438,"Zaika Flavors",Chandigarh,"11:30 AM - 11:00 PM"
439,"Taste of Bar",Delhi,"8:00 AM - 10:00 PM"
440,"Taste of Bistro",Chandigarh,"11:30 AM - 11:00 PM"
441,"Annapurna Grill",Jaipur,"9:00 AM - 11:00 PM"
442,"The Cafe",Mumbai,"9:00 AM - 10:30 PM"
443,"Zaika Corner",Kolkata,"10:00 AM - 10:00 PM"
444,"Biryani Grill",Mumbai,"8:00 AM - 12:00 AM"
445,"Masala Lounge",Jaipur,"11:30 AM - 11:00 PM"
446,"Taste of Cafe",Kolkata,"9:00 AM - 10:30 PM"
447,"The Lounge",Lucknow,"9:00 AM - 10:30 PM"
448,"House of Cafe",Ahmedabad,"11:30 AM - 11:00 PM"
449,"Tandoor Bar",Delhi,"11:30 AM - 10:00 PM"
450,"The Table",Hyderabad,"8:00 AM - 11:30 PM"
451,"Cafe Bistro",Bengaluru,"11:30 AM - 10:30 PM"
452,"Swaad Corner",Bengaluru,"9:00 AM - 11:30 PM"
453,"Bombay Bistro",Ahmedabad,"8:00 AM - 12:00 AM"
454,"The Bistro",Mumbai,"8:00 AM - 10:30 PM"
455,"Curry Delight",Bengaluru,"11:30 AM - 10:00 PM"
456,"Cafe Haven",Bengaluru,"9:00 AM - 11:30 PM"
457,"Annapurna Kitchen",Goa,"11:30 AM - 11:00 PM"
458,"The Canteen",Pune,"8:00 AM - 10:00 PM"
459,"Bombay Canteen",Jaipur,"10:00 AM - 12:00 AM"
460,"Urban Point",Ahmedabad,"10:00 AM - 11:00 PM"
461,"Masala Kitchen",Jaipur,"9:00 AM - 10:30 PM"
462,"Annapurna Canteen",Kolkata,"8:00 AM - 10:30 PM"
463,"Tandoor Cafe",Goa,"9:00 AM - 11:00 PM"
464,"Bombay Bistro",Goa,"8:00 AM - 11:30 PM"
465,"Taste of Corner",Chennai,"10:00 AM - 11:00 PM"
466,"Masala Delight",Lucknow,"10:00 AM - 11:00 PM"
467,"Cafe Grill",Ahmedabad,"11:30 AM - 12:00 AM"
468,"Curry Lounge",Chandigarh,"10:00 AM - 10:30 PM"
469,"Biryani Grill",Ahmedabad,"9:00 AM - 10:00 PM"
470,"Taste of Table",Mumbai,"10:00 AM - 10:00 PM"
471,"Taste of Bar",Hyderabad,"10:00 AM - 11:30 PM"
472,"Annapurna Haven",Ahmedabad,"9:00 AM - 11:00 PM"
473,"Annapurna Cafe",Mumbai,"8:00 AM - 12:00 AM"
474,"Spice Palace",Kolkata,"9:00 AM - 11:00 PM"
475,"Royal Canteen",Kolkata,"8:00 AM - 12:00 AM"
476,"The Kitchen",Kolkata,"10:00 AM - 10:30 PM"
477,"Tandoor Grill",Delhi,"9:00 AM - 11:00 PM"
478,"Taste of Point",Chandigarh,"10:00 AM - 11:00 PM"
479,"Curry Street",Ahmedabad,"10:00 AM - 10:30 PM"
480,"Masala Lounge",Ahmedabad,"10:00 AM - 10:30 PM"
481,"Swaad Delight",Pune,"10:00 AM - 10:00 PM"
482,"Curry Lounge",Chennai,"11:30 AM - 10:30 PM"
483,"The Lounge",Delhi,"9:00 AM - 10:30 PM"
484,"The Corner",Goa,"8:00 AM - 11:30 PM"
485,"Masala Canteen",Lucknow,"9:00 AM - 11:30 PM"
486,"Zaika Cafe",Goa,"11:30 AM - 10:00 PM"
487,"House of Lounge",Kolkata,"8:00 AM - 11:30 PM"
488,"Curry Kitchen",Ahmedabad,"10:00 AM - 11:00 PM"
489,"Bombay Haven",Chennai,"10:00 AM - 12:00 AM"
490,"Tandoor Kitchen",Kolkata,"8:00 AM - 12:00 AM"
491,"Royal Cafe",Mumbai,"9:00 AM - 10:30 PM"
492,"House of Cafe",Kolkata,"8:00 AM - 11:30 PM"
493,"Spice Flavors",Kolkata,"8:00 AM - 11:00 PM"
494,"The Bar",Jaipur,"8:00 AM - 11:00 PM"
495,"Taste of Table",Ahmedabad,"10:00 AM - 12:00 AM"
496,"Biryani Haven",Kolkata,"10:00 AM - 10:30 PM"
497,"Annapurna Flavors",Chennai,"8:00 AM - 11:30 PM"
498,"Bombay Flavors",Lucknow,"11:30 AM - 12:00 AM"
499,"Annapurna Street",Delhi,"10:00 AM - 10:00 PM"
500,"Royal Bar",Pune,"11:30 AM - 11:30 PM"
501,"Annapurna Flavors",Pune,"8:00 AM - 11:00 PM"
502,"Swaad Cafe",Bengaluru,"8:00 AM - 11:00 PM"
503,"Spice Flavors",Chandigarh,"11:30 AM - 10:30 PM"
504,"Annapurna Canteen",Hyderabad,"10:00 AM - 11:30 PM"
505,"Cafe Bistro",Lucknow,"8:00 AM - 11:30 PM"
506,"Masala Point",Chennai,"11:30 AM - 12:00 AM"
507,"Taste of Delight",Goa,"9:00 AM - 11:00 PM"
508,"Taste of Palace",Pune,"9:00 AM - 11:00 PM"
509,"Cafe Palace",Goa,"10:00 AM - 12:00 AM"
510,"Biryani Cafe",Chennai,"9:00 AM - 11:00 PM"
511,"Cafe Palace",Ahmedabad,"8:00 AM - 11:30 PM"
512,"Annapurna Palace",Delhi,"8:00 AM - 10:00 PM"
513,"Cafe Delight",Lucknow,"9:00 AM - 11:30 PM"
514,"Taste of Table",Chennai,"11:30 AM - 10:00 PM"
515,"Royal Kitchen",Jaipur,"11:30 AM - 11:30 PM"
516,"Annapurna Street",Hyderabad,"10:00 AM - 12:00 AM"
517,"Royal Corner",Ahmedabad,"8:00 AM - 10:00 PM"
518,"Taste of Flavors",Lucknow,"8:00 AM - 11:00 PM"
519,"House of Flavors",Mumbai,"11:30 AM - 12:00 AM"
520,"Spice Kitchen",Bengaluru,"8:00 AM - 11:00 PM"
521,"Swaad Lounge",Jaipur,"10:00 AM - 10:00 PM"
522,"Masala Corner",Chandigarh,"10:00 AM - 11:00 PM"
523,"Tandoor Delight",Jaipur,"11:30 AM - 11:00 PM"
524,"Zaika Corner",Kolkata,"8:00 AM - 11:00 PM"
525,"Royal Cafe",Pune,"8:00 AM - 11:00 PM"
526,"Taste of Table",Ahmedabad,"8:00 AM - 10:30 PM"
527,"Urban Palace",Kolkata,"11:30 AM - 10:30 PM"
528,"Tandoor Kitchen",Mumbai,"11:30 AM - 11:30 PM"
529,"Taste of Street",Chennai,"10:00 AM - 10:00 PM"
530,"Taste of Cafe",Hyderabad,"9:00 AM - 12:00 AM"
531,"The Cafe",Chennai,"8:00 AM - 10:00 PM"
532,"Masala Table",Pune,"9:00 AM - 10:30 PM"
533,"Urban Kitchen",Goa,"9:00 AM - 11:00 PM"
534,"Royal Kitchen",Jaipur,"11:30 AM - 11:00 PM"
535,"Urban Delight",Hyderabad,"10:00 AM - 10:00 PM"
536,"Urban Delight",Bengaluru,"11:30 AM - 10:30 PM"
537,"Cafe Kitchen",Bengaluru,"9:00 AM - 11:30 PM"
538,"Tandoor Corner",Delhi,"10:00 AM - 10:00 PM"
539,"Cafe Grill",Delhi,"9:00 AM - 10:00 PM"
540,"Cafe Palace",Jaipur,"8:00 AM - 11:00 PM"
541,"Taste of Bar",Chandigarh,"10:00 AM - 12:00 AM"
542,"Masala Cafe",Ahmedabad,"9:00 AM - 10:30 PM"
543,"Royal Kitchen",Kolkata,"11:30 AM - 10:30 PM"
544,"Cafe Street",Bengaluru,"11:30 AM - 11:00 PM"
545,"The Palace",Bengaluru,"10:00 AM - 12:00 AM"
546,"House of Cafe",Lucknow,"8:00 AM - 11:30 PM"
547,"The Bistro",Mumbai,"10:00 AM - 10:30 PM"
548,"Taste of Point",Chandigarh,"8:00 AM - 10:00 PM"
549,"Spice Bistro",Pune,"11:30 AM - 12:00 AM"
550,"Biryani Canteen",Lucknow,"11:30 AM - 10:30 PM"
551,"Zaika Point",Delhi,"8:00 AM - 10:30 PM"
552,"Royal Corner",Ahmedabad,"11:30 AM - 12:00 AM"
553,"Annapurna Corner",Jaipur,"9:00 AM - 11:00 PM"
554,"Masala Point",Delhi,"10:00 AM - 10:00 PM"
555,"Cafe Point",Lucknow,"11:30 AM - 10:30 PM"
556,"Cafe Cafe",Chennai,"9:00 AM - 12:00 AM"
557,"Taste of Street",Chandigarh,"11:30 AM - 10:30 PM"
558,"Biryani Palace",Hyderabad,"9:00 AM - 10:00 PM"
559,"Taste of Table",Jaipur,"11:30 AM - 10:00 PM"
560,"Urban Bar",Chandigarh,"9:00 AM - 10:30 PM"
561,"Spice Corner",Chandigarh,"10:00 AM - 10:00 PM"
562,"Curry Bistro",Delhi,"8:00 AM - 12:00 AM"
563,"Swaad Lounge",Jaipur,"11:30 AM - 11:00 PM"
564,"Taste of Street",Kolkata,"11:30 AM - 11:00 PM"
565,"Zaika Grill",Pune,"8:00 AM - 12:00 AM"
566,"Annapurna Flavors",Kolkata,"8:00 AM - 12:00 AM"
567,"Bombay Corner",Bengaluru,"11:30 AM - 10:00 PM"
568,"Zaika Table",Mumbai,"10:00 AM - 10:30 PM"
569,"Curry Canteen",Mumbai,"8:00 AM - 11:00 PM"
570,"Masala Cafe",Bengaluru,"9:00 AM - 11:30 PM"
571,"Bombay Cafe",Kolkata,"9:00 AM - 11:00 PM"
572,"House of Flavors",Lucknow,"10:00 AM - 10:30 PM"
573,"Bombay Street",Kolkata,"9:00 AM - 11:30 PM"
574,"Cafe Corner",Pune,"9:00 AM - 10:00 PM"
575,"Curry Kitchen",Chandigarh,"10:00 AM - 10:30 PM"
576,"Curry Flavors",Chennai,"8:00 AM - 10:30 PM"
577,"Tandoor Point",Pune,"10:00 AM - 10:30 PM"
578,"Royal Flavors",Bengaluru,"10:00 AM - 10:30 PM"
579,"Spice Grill",Pune,"11:30 AM - 12:00 AM"
580,"Royal Point",Chandigarh,"9:00 AM - 10:30 PM"
581,"Tandoor Point",Chandigarh,"8:00 AM - 11:00 PM"
582,"Spice Palace",Chandigarh,"8:00 AM - 12:00 AM"
583,"Swaad Street",Chandigarh,"9:00 AM - 10:00 PM"
584,"Biryani Lounge",Hyderabad,"11:30 AM - 11:30 PM"
585,"Cafe Lounge",Mumbai,"11:30 AM - 10:30 PM"
586,"Urban Canteen",Kolkata,"8:00 AM - 11:30 PM"
587,"Royal Bistro",Hyderabad,"11:30 AM - 10:00 PM"
588,"Curry Cafe",Ahmedabad,"8:00 AM - 10:00 PM"
589,"Zaika Lounge",Chandigarh,"9:00 AM - 10:00 PM"
590,"Curry Corner",Delhi,"8:00 AM - 11:00 PM"
591,"Spice Haven",Goa,"9:00 AM - 12:00 AM"
592,"Zaika Corner",Kolkata,"8:00 AM - 12:00 AM"
593,"Cafe Street",Goa,"10:00 AM - 10:00 PM"
594,"Curry Cafe",Pune,"8:00 AM - 10:30 PM"
595,"Zaika Table",Lucknow,"10:00 AM - 11:00 PM"
596,"Cafe Lounge",Kolkata,"11:30 AM - 11:30 PM"
597,"Royal Point",Delhi,"11:30 AM - 12:00 AM"
598,"Annapurna Delight",Chandigarh,"10:00 AM - 11:00 PM"
599,"House of Point",Bengaluru,"11:30 AM - 10:30 PM"
600,"Spice Bistro",Mumbai,"10:00 AM - 10:00 PM"
601,"Tandoor Haven",Jaipur,"9:00 AM - 10:30 PM"
602,"Urban Delight",Jaipur,"11:30 AM - 10:00 PM"
603,"House of Table",Chennai,"9:00 AM - 11:00 PM"
604,"House of Canteen",Goa,"8:00 AM - 10:00 PM"
605,"Urban Haven",Mumbai,"9:00 AM - 12:00 AM"
606,"Urban Table",Delhi,"9:00 AM - 12:00 AM"
607,"Urban Street",Chennai,"9:00 AM - 11:00 PM"
608,"Bombay Canteen",Hyderabad,"8:00 AM - 11:00 PM"
609,"Taste of Corner",Pune,"11:30 AM - 12:00 AM"
610,"Royal Flavors",Hyderabad,"8:00 AM - 11:00 PM"
611,"Masala Canteen",Ahmedabad,"8:00 AM - 12:00 AM"
612,"Royal Canteen",Jaipur,"9:00 AM - 10:30 PM"
613,"Biryani Point",Goa,"11:30 AM - 11:30 PM"
614,"Bombay Point",Delhi,"9:00 AM - 10:30 PM"
615,"Swaad Grill",Delhi,"9:00 AM - 10:30 PM"
616,"Annapurna Point",Pune,"8:00 AM - 10:00 PM"
617,"Urban Grill",Mumbai,"10:00 AM - 11:30 PM"
618,"Curry Point",Mumbai,"9:00 AM - 10:00 PM"
619,"Zaika Bar",Delhi,"10:00 AM - 11:00 PM"
620,"Masala Haven",Goa,"8:00 AM - 12:00 AM"
621,"Spice Palace",Pune,"10:00 AM - 10:00 PM"
622,"Swaad Delight",Pune,"8:00 AM - 12:00 AM"
623,"Spice Flavors",Goa,"9:00 AM - 11:30 PM"
624,"Swaad Flavors",Ahmedabad,"10:00 AM - 10:00 PM"
625,"Zaika Delight",Ahmedabad,"10:00 AM - 11:30 PM"
626,"Royal Bar",Chennai,"9:00 AM - 12:00 AM"
627,"Swaad Canteen",Delhi,"9:00 AM - 12:00 AM"
628,"Tandoor Kitchen",Chandigarh,"10:00 AM - 11:00 PM"
629,"Swaad Grill",Lucknow,"8:00 AM - 10:00 PM"
630,"Royal Grill",Ahmedabad,"8:00 AM - 10:00 PM"
631,"Annapurna Bar",Chennai,"8:00 AM - 11:00 PM"
632,"Annapurna Table",Kolkata,"9:00 AM - 11:00 PM"
633,"Swaad Corner",Bengaluru,"9:00 AM - 10:00 PM"
634,"Masala Kitchen",Chennai,"10:00 AM - 11:00 PM"
635,"Biryani Flavors",Jaipur,"10:00 AM - 11:30 PM"
636,"Masala Corner",Chennai,"8:00 AM - 11:00 PM"
637,"Zaika Kitchen",Hyderabad,"8:00 AM - 11:30 PM"
638,"Taste of Canteen",Delhi,"9:00 AM - 10:00 PM"
639,"Spice Point",Kolkata,"11:30 AM - 10:00 PM"
640,"Tandoor Lounge",Kolkata,"8:00 AM - 10:30 PM"
641,"Annapurna Table",Kolkata,"9:00 AM - 11:00 PM"
642,"Cafe Delight",Mumbai,"8:00 AM - 10:00 PM"
643,"Annapurna Palace",Jaipur,"9:00 AM - 11:00 PM"
644,"Curry Table",Goa,"11:30 AM - 12:00 AM"
645,"Cafe Kitchen",Goa,"10:00 AM - 10:30 PM"
646,"Taste of Table",Goa,"10:00 AM - 11:00 PM"
647,"The Bistro",Pune,"11:30 AM - 10:00 PM"
648,"Cafe Flavors",Lucknow,"10:00 AM - 10:30 PM"
649,"Annapurna Palace",Pune,"9:00 AM - 11:00 PM"
650,"Annapurna Point",Lucknow,"10:00 AM - 10:30 PM"
651,"Cafe Palace",Mumbai,"11:30 AM - 10:00 PM"
652,"Tandoor Bistro",Chennai,"11:30 AM - 11:00 PM"
653,"Biryani Grill",Bengaluru,"10:00 AM - 12:00 AM"
654,"Masala Bar",Chennai,"8:00 AM - 10:30 PM"
655,"Swaad Kitchen",Ahmedabad,"10:00 AM - 12:00 AM"
656,"Swaad Lounge",Bengaluru,"8:00 AM - 11:30 PM"
657,"Annapurna Delight",Jaipur,"10:00 AM - 10:30 PM"
658,"Taste of Palace",Pune,"9:00 AM - 12:00 AM"
659,"Royal Haven",Kolkata,"9:00 AM - 12:00 AM"
660,"House of Table",Ahmedabad,"8:00 AM - 10:30 PM"
661,"Zaika Point",Pune,"10:00 AM - 12:00 AM"
662,"Cafe Canteen",Hyderabad,"10:00 AM - 12:00 AM"
663,"The Table",Lucknow,"9:00 AM - 10:00 PM"
664,"Urban Kitchen",Delhi,"9:00 AM - 11:00 PM"
665,"Zaika Point",Hyderabad,"9:00 AM - 10:00 PM"
666,"Annapurna Bistro",Goa,"10:00 AM - 11:30 PM"
667,"The Palace",Kolkata,"10:00 AM - 11:00 PM"
668,"Royal Haven",Hyderabad,"8:00 AM - 12:00 AM"
669,"Taste of Palace",Chandigarh,"9:00 AM - 11:30 PM"
670,"Bombay Bistro",Delhi,"8:00 AM - 10:00 PM"
671,"Biryani Bistro",Goa,"10:00 AM - 12:00 AM"
672,"Tandoor Kitchen",Jaipur,"11:30 AM - 10:00 PM"
673,"Zaika Grill",Jaipur,"8:00 AM - 11:30 PM"
674,"Cafe Grill",Kolkata,"10:00 AM - 11:30 PM"
675,"Urban Point",Pune,"10:00 AM - 10:00 PM"
676,"Swaad Kitchen",Delhi,"8:00 AM - 10:30 PM"
677,"Spice Lounge",Kolkata,"11:30 AM - 12:00 AM"
678,"House of Haven",Chandigarh,"10:00 AM - 10:30 PM"
679,"Tandoor Delight",Delhi,"8:00 AM - 10:00 PM"
680,"Swaad Lounge",Bengaluru,"8:00 AM - 12:00 AM"
681,"Taste of Grill",Lucknow,"8:00 AM - 12:00 AM"
682,"Urban Canteen",Delhi,"9:00 AM - 11:00 PM"
683,"Zaika Delight",Kolkata,"8:00 AM - 10:30 PM"
684,"House of Palace",Pune,"9:00 AM - 12:00 AM"
685,"Cafe Corner",Bengaluru,"9:00 AM - 10:30 PM"
686,"Curry Bar",Bengaluru,"10:00 AM - 12:00 AM"
687,"House of Kitchen",Hyderabad,"9:00 AM - 11:30 PM"
688,"The Lounge",Goa,"10:00 AM - 10:00 PM"
689,"Curry Delight",Chennai,"10:00 AM - 11:00 PM"
690,"Swaad Palace",Bengaluru,"8:00 AM - 11:30 PM"
691,"Zaika Flavors",Jaipur,"11:30 AM - 11:30 PM"
692,"Masala Kitchen",Goa,"11:30 AM - 10:30 PM"
693,"Swaad Delight",Bengaluru,"9:00 AM - 10:00 PM"
694,"Taste of Canteen",Hyderabad,"9:00 AM - 10:30 PM"
695,"Bombay Palace",Ahmedabad,"8:00 AM - 10:30 PM"
696,"The Corner",Chennai,"11:30 AM - 11:00 PM"
697,"Biryani Bar",Kolkata,"9:00 AM - 11:30 PM"
698,"Biryani Corner",Goa,"8:00 AM - 11:00 PM"
699,"House of Table",Chennai,"8:00 AM - 11:30 PM"
700,"Zaika Canteen",Kolkata,"11:30 AM - 10:00 PM"
701,"Cafe Table",Ahmedabad,"9:00 AM - 10:30 PM"
702,"Urban Flavors",Bengaluru,"9:00 AM - 12:00 AM"
703,"Biryani Palace",Chennai,"8:00 AM - 12:00 AM"
704,"Zaika Bistro",Goa,"11:30 AM - 11:30 PM"
705,"Zaika Cafe",Hyderabad,"10:00 AM - 10:00 PM"
706,"Spice Table",Goa,"9:00 AM - 10:00 PM"
707,"Curry Palace",Kolkata,"11:30 AM - 10:30 PM"
708,"Curry Bar",Jaipur,"10:00 AM - 11:00 PM"
709,"Urban Kitchen",Jaipur,"8:00 AM - 11:30 PM"
710,"House of Grill",Delhi,"9:00 AM - 10:30 PM"
711,"Spice Haven",Chennai,"9:00 AM - 11:30 PM"
712,"Masala Canteen",Goa,"8:00 AM - 11:30 PM"
713,"Bombay Table",Mumbai,"10:00 AM - 11:30 PM"
714,"Taste of Lounge",Delhi,"11:30 AM - 12:00 AM"
715,"Taste of Bar",Kolkata,"8:00 AM - 10:30 PM"
716,"Curry Flavors",Ahmedabad,"8:00 AM - 11:30 PM"
717,"Swaad Street",Delhi,"10:00 AM - 10:00 PM"
718,"Swaad Street",Pune,"10:00 AM - 12:00 AM"
719,"House of Flavors",Hyderabad,"10:00 AM - 11:30 PM"
720,"Urban Lounge",Jaipur,"11:30 AM - 10:30 PM"
721,"Spice Palace",Goa,"8:00 AM - 11:30 PM"
722,"Urban Flavors",Pune,"11:30 AM - 10:30 PM"
723,"Bombay Street",Pune,"8:00 AM - 11:00 PM"
724,"Royal Lounge",Ahmedabad,"10:00 AM - 10:30 PM"
725,"Cafe Flavors",Bengaluru,"9:00 AM - 10:00 PM"
726,"Annapurna Bar",Pune,"10:00 AM - 10:00 PM"
727,"Curry Bistro",Pune,"10:00 AM - 10:30 PM"
728,"The Flavors",Hyderabad,"8:00 AM - 11:00 PM"
729,"House of Haven",Kolkata,"11:30 AM - 11:00 PM"
730,"Bombay Cafe",Mumbai,"11:30 AM - 10:30 PM"
731,"Zaika Lounge",Ahmedabad,"8:00 AM - 11:00 PM"
732,"Cafe Grill",Chandigarh,"8:00 AM - 11:00 PM"
733,"Spice Bar",Kolkata,"10:00 AM - 10:00 PM"
734,"Bombay Bistro",Hyderabad,"8:00 AM - 10:00 PM"
735,"Urban Bar",Bengaluru,"9:00 AM - 11:00 PM"
736,"Annapurna Kitchen",Ahmedabad,"9:00 AM - 12:00 AM"
737,"Spice Point",Ahmedabad,"11:30 AM - 12:00 AM"
738,"Biryani Bistro",Goa,"8:00 AM - 10:30 PM"
739,"Zaika Kitchen",Chennai,"11:30 AM - 10:30 PM"
740,"Bombay Point",Delhi,"8:00 AM - 10:00 PM"
741,"House of Bar",Jaipur,"9:00 AM - 10:30 PM"
742,"Biryani Grill",Ahmedabad,"11:30 AM - 12:00 AM"
743,"Curry Canteen",Ahmedabad,"8:00 AM - 11:30 PM"
744,"Bombay Palace",Chennai,"8:00 AM - 12:00 AM"
745,"Curry Grill",Bengaluru,"9:00 AM - 10:30 PM"
746,"Curry Point",Kolkata,"9:00 AM - 11:00 PM"
747,"Tandoor Street",Goa,"11:30 AM - 11:30 PM"
748,"The Kitchen",Delhi,"10:00 AM - 10:00 PM"
749,"Masala Kitchen",Goa,"11:30 AM - 12:00 AM"
750,"Spice Delight",Delhi,"10:00 AM - 11:00 PM"
751,"Biryani Table",Jaipur,"10:00 AM - 11:00 PM"
752,"Spice Haven",Jaipur,"8:00 AM - 10:00 PM"
753,"Zaika Lounge",Hyderabad,"9:00 AM - 10:30 PM"
754,"Bombay Haven",Chandigarh,"10:00 AM - 12:00 AM"
755,"Royal Canteen",Mumbai,"11:30 AM - 11:00 PM"
756,"The Bistro",Bengaluru,"10:00 AM - 12:00 AM"
757,"Zaika Lounge",Chandigarh,"10:00 AM - 10:00 PM"
758,"Biryani Kitchen",Lucknow,"8:00 AM - 11:00 PM"
759,"Cafe Street",Pune,"10:00 AM - 12:00 AM"
760,"Biryani Corner",Kolkata,"10:00 AM - 10:00 PM"
761,"Swaad Haven",Pune,"9:00 AM - 11:00 PM"
762,"Zaika Cafe",Bengaluru,"10:00 AM - 12:00 AM"
763,"The Lounge",Mumbai,"8:00 AM - 12:00 AM"
764,"The Table",Delhi,"10:00 AM - 10:30 PM"
765,"Swaad Bistro",Bengaluru,"8:00 AM - 10:00 PM"
766,"Urban Canteen",Delhi,"10:00 AM - 10:00 PM"
767,"The Street",Ahmedabad,"10:00 AM - 10:00 PM"
768,"Biryani Cafe",Mumbai,"8:00 AM - 10:00 PM"
769,"House of Canteen",Chennai,"8:00 AM - 12:00 AM"
770,"The Corner",Mumbai,"10:00 AM - 11:30 PM"
771,"Masala Street",Mumbai,"10:00 AM - 12:00 AM"
772,"Bombay Lounge",Chennai,"10:00 AM - 11:30 PM"
773,"Zaika Flavors",Jaipur,"9:00 AM - 12:00 AM"
774,"Urban Street",Hyderabad,"9:00 AM - 11:30 PM"
775,"Curry Haven",Jaipur,"8:00 AM - 10:00 PM"
776,"Cafe Lounge",Kolkata,"11:30 AM - 11:30 PM"
777,"Curry Street",Bengaluru,"11:30 AM - 12:00 AM"
778,"Spice Kitchen",Ahmedabad,"9:00 AM - 11:00 PM"
779,"Curry Corner",Ahmedabad,"9:00 AM - 10:30 PM"
780,"Annapurna Point",Pune,"8:00 AM - 11:30 PM"
781,"Spice Kitchen",Jaipur,"9:00 AM - 10:30 PM"
782,"Zaika Flavors",Delhi,"9:00 AM - 11:30 PM"
783,"Masala Corner",Bengaluru,"9:00 AM - 12:00 AM"
784,"Royal Point",Delhi,"9:00 AM - 12:00 AM"
785,"Biryani Point",Hyderabad,"9:00 AM - 11:30 PM"
786,"Spice Street",Chennai,"11:30 AM - 10:00 PM"
787,"Zaika Street",Delhi,"8:00 AM - 10:30 PM"
788,"Zaika Lounge",Chandigarh,"11:30 AM - 11:00 PM"
789,"Zaika Cafe",Mumbai,"10:00 AM - 10:00 PM"
790,"Spice Kitchen",Hyderabad,"8:00 AM - 11:30 PM"
791,"Swaad Table",Mumbai,"9:00 AM - 10:00 PM"
792,"Taste of Delight",Kolkata,"8:00 AM - 11:30 PM"
793,"Swaad Point",Chandigarh,"10:00 AM - 11:00 PM"
794,"Zaika Palace",Jaipur,"8:00 AM - 11:30 PM"
795,"Curry Flavors",Lucknow,"11:30 AM - 11:00 PM"
796,"Taste of Canteen",Goa,"9:00 AM - 11:00 PM"
797,"Royal Cafe",Delhi,"8:00 AM - 11:00 PM"
798,"House of Canteen",Ahmedabad,"10:00 AM - 11:00 PM"
799,"Zaika Point",Pune,"9:00 AM - 10:00 PM"
800,"Bombay Flavors",Goa,"8:00 AM - 10:30 PM"
